Iteration number,Data misfit,Artificial Hamiltonian,Kinetic Energy,Potential Energy
1,0.9879540917269489,3.9605968698759964,3.4725696896537905,0.4880271802222058
2,1.0363657102066224,3.961191235179708,3.4241539046677496,0.5370373305119587
3,1.093464640365366,3.9619410281015397,3.3640466859764633,0.5978943421250764
4,1.147616310724599,3.9627103182512817,3.303971392177295,0.6587389260739868
5,1.1889219347971487,3.963358609698254,3.2559540032635175,0.7074046064347365
6,1.2100795546243555,3.9637660377203554,3.2301261712263027,0.7336398664940528
7,1.2065868058992253,3.9638546799059187,3.2328500825241946,0.731004597381724
8,1.1767392307804492,3.9636025988482744,3.265499843267435,0.6981027555808392
9,1.1216358550482233,3.9630481361580085,3.324119373568174,0.6389287625898344
10,1.0452905477750503,3.9622833885257362,3.4000224880003773,0.5622609005253589
11,0.9549121436707552,3.961438219986813,3.4812341460052396,0.48020407398157344
12,0.8613362894505813,3.960657951805112,3.55452423838882,0.4061337134162919
13,0.7791907426276895,3.9600775380415594,3.607679921484473,0.35239761655708657
14,0.7252411359527362,3.959798152653147,3.6316181097185063,0.328180042934641
15,0.7125209906563562,3.9598692641828164,3.621968150902849,0.337901113279967
16,0.7421997836262705,3.960279871018055,3.579845773233115,0.3804340977849398
17,0.8023106588035589,3.960960248124845,3.511680525681041,0.4492797224438041
18,0.8753012986410662,3.961794036533397,3.428124487044688,0.5336695494887089
19,0.945224281865385,3.962638247039424,3.342230521754194,0.6204077252852302
20,1.0002545024619094,3.9633482768612107,3.2672149875370327,0.6961332893241781
21,1.0326467610489283,3.9638024640229714,3.214192641900987,0.749609822121984
22,1.0381911632248249,3.963924324928359,3.1902783701414275,0.7736459547869314
23,1.0158433618859921,3.9636949373666486,3.1973855223651553,0.7663094150014932
24,0.9676359311668676,3.9631562004301077,3.2319281017588595,0.7312280986712485
25,0.8988889143764383,3.9624026355637554,3.2854742457159603,0.6769283898477952
26,0.8187546006149837,3.9615670104163705,3.346235826316821,0.6153311840995496
27,0.7409547440875193,3.9607941000816513,3.4011325246034643,0.5596615754781871
28,0.683600715268248,3.960218439734207,3.438069325672264,0.5221491140619432
29,0.6649584253901386,3.959939360697784,3.4480369178573707,0.5119024428404135
30,0.6935776933575808,3.960003332908516,3.4266623421226154,0.5333409907859005
31,0.7619248409647394,3.9603982040314,3.3749453600148844,0.5854528440165153
32,0.852508834238097,3.9610537146410403,3.29906290650594,0.6619908081351006
33,0.9475133400619201,3.961854584745195,3.209271318513484,0.7525832662317113
34,1.032990930490034,3.9626616467762448,3.1181050150185112,0.8445566317577333
35,1.099127822606255,3.9633342747371882,3.0381909676867087,0.9251433070504795
36,1.1395740408526427,3.9637574930717943,2.980060283752728,0.9836972093190666
37,1.1508975766043859,3.963858957542409,2.9503357579614127,1.0135231995809966
38,1.132287248056658,3.9636235380271563,2.9506092053465816,1.0130143326805747
39,1.0854433615000099,3.9630965149101476,2.9772097700955404,0.9858867448146073
40,1.0146201751763424,3.962371502437495,3.0218914030533237,0.9404800993841712
41,0.9268323029873952,3.961575942261004,3.0733043866842262,0.888271555576778
42,0.8322324223949568,3.960850241650669,3.11900113009458,0.8418491115560891
43,0.744425853395238,3.960321261355827,3.147625942832914,0.8126953185229129
44,0.679590963120632,3.9600811041177897,3.15090138776879,0.8091797163489994
45,0.651975623831682,3.96017006619872,3.125065157329408,0.8351049088693121
46,0.6657590911711675,3.960571632070202,3.07150676980845,0.8890648622617515
47,0.7114003650167361,3.9612131185857824,2.9965002735849677,0.9647128450008147
48,0.7719437758985146,3.961981665220538,2.9100829960718455,1.0518986691486922
49,0.8311637568433367,3.9627421821858073,2.8242790757888763,1.138463106396931
50,0.8769763168220318,3.963362041097305,2.750988866681676,1.2123731744156292
51,0.9016083939460475,3.963733134587294,2.699911527553411,1.2638216070338832
52,0.9010083444320773,3.9637925099182656,2.6768607553998116,1.2869317545184538
53,0.8744301547341023,3.963530845502186,2.6827698650162914,1.2807609804858946
54,0.8243740655912077,3.9629956020463384,2.713549916184454,1.2494456858618845
55,0.7569448026704774,3.9622811663841557,2.7608265893405504,1.2014545770436054
56,0.6826972077625829,3.9615114012897283,2.813416333876959,1.148095067412769
57,0.6176357032511238,3.960821280751488,2.8592784631599493,1.101542817591539
58,0.582098704063032,3.960328909433321,2.887608388936744,1.0727205204965775
59,0.5927556249183189,3.9601184288351394,2.8906985206341966,1.0694199082009426
60,0.6505629053006735,3.9602231680476736,2.8652449085124068,1.0949782595352666
61,0.7407535209838646,3.9606227234215874,2.812880653190561,1.1477420702310266
62,0.8443354412851565,3.9612434200933713,2.739844097894417,1.221399322198954
63,0.9455559370736721,3.961976677836774,2.6558477158364107,1.3061289620003633
64,1.0330761680040628,3.9626940190739184,2.5723627136121334,1.390331305461785
65,1.0992018186667178,3.9632711521885207,2.500612080078928,1.4626590721095925
66,1.1391573241346982,3.9636082593510342,2.44962304231015,1.5139852170408843
67,1.150683484106013,3.9636512517462363,2.424682977320231,1.5389682744260051
68,1.1338621866679057,3.963396515314119,2.4264726423299416,1.5369238729841774
69,1.0910783002901292,3.9628919970814844,2.4510069556739396,1.5118850414075449
70,1.0270787277222106,3.9622292100976457,2.490389164808039,1.4718400452896065
71,0.9491097648168093,3.961527790243929,2.5342516775126627,1.4272761127312665
72,0.8670512499948201,3.960910173391556,2.5716082867507875,1.3893018866407685
73,0.7931884412779328,3.9604857280997825,2.59279559576889,1.3676901323308923
74,0.7406683803798186,3.9603296276629667,2.591176385277304,1.3691532423856627
75,0.7195112625764177,3.960465468728276,2.5642931790990797,1.3961722896291964
76,0.7314713360333762,3.9608689166828377,2.514269865206169,1.446599051476669
77,0.7686882197189703,3.961467776228675,2.4474160527181845,1.5140517235104904
78,0.8180327492716385,3.9621571121566905,2.373103041300174,1.5890540708565166
79,0.8665110886844329,3.9628155814791297,2.302112169984021,1.660703411495109
80,0.9040598696817522,3.9633288393079082,2.244748695676753,1.7185801436311552
81,0.9241635770442304,3.963610126794035,2.2090522136909545,1.7545579131030804
82,0.9236980005967487,3.9636115277163064,2.19942270286276,1.764188824853546
83,0.9027328637427042,3.96333634637071,2.215892700319428,1.7474436460512819
84,0.8645072714121772,3.9628343049993795,2.254159957777484,1.7086743472218957
85,0.8155760026097268,3.9621941918356507,2.3063690690638183,1.6558251227718321
86,0.765915457664225,3.96152761007296,2.362502209647266,1.599025400425694
87,0.728287870772972,3.960949501813621,2.412127369189176,1.548822132624445
88,0.7155302021451385,3.960557965891847,2.4461945692176825,1.5143633966741643
89,0.7353732714478911,3.9604173805717933,2.4585680874105282,1.501849293161265
90,0.7862781079310567,3.9605466442048294,2.4470320624780526,1.5135145817267768
91,0.8587182678496531,3.9609191560472983,2.4136013144951507,1.5473178415521476
92,0.9401425893531675,3.9614652883058445,2.3640939296382215,1.597371358667623
93,1.0188714177189708,3.962087965641012,2.3070520650406636,1.6550359006003483
94,1.085618160224786,3.9626737799437675,2.2521979449909066,1.7104758349528608
95,1.1337041365728615,3.9631227969616143,2.2087060678043966,1.7544167291572177
96,1.1588989992332681,3.9633595261954873,2.1836114620171454,1.7797480641783419
97,1.1592441620718288,3.96334619244427,2.1806284375636187,1.7827177548806512
98,1.1349353452783317,3.9630898181141334,2.199558238150505,1.7635315799636282
99,1.0882648293760004,3.9626384460374036,2.236388428604239,1.7262500174331645
100,1.0236087458612226,3.962074761992446,2.284058880394654,1.678015881597792
101,0.9474396076338398,3.9615014920940417,2.333758361109762,1.6277431309842796
102,0.8682767225010768,3.9610194671015395,2.376516675285825,1.5845027918157144
103,0.7962983920770982,3.960712897529095,2.4047904431744986,1.5559224543545964
104,0.742003223324874,3.9606313638471446,2.413769500437285,1.5468618634098596
105,0.7133180059809134,3.960786606442115,2.4021716166039058,1.5586149898382091
106,0.7120310537269385,3.9611436653517855,2.372408001658338,1.5887356636934475
107,0.7325849594176931,3.961644332394944,2.3301039463710898,1.6315403860238542
108,0.7648105731134504,3.962191400240127,2.283066311860113,1.6791250883800137
109,0.7980505878632446,3.962689628961701,2.239865722368781,1.7228239065929203
110,0.8238160544382773,3.9630548633481926,2.208319783081142,1.7547350802670507
111,0.8367048142828316,3.9632220330553096,2.1941413128566905,1.769080720198619
112,0.8344801957954308,3.9631675741644865,2.1999662102522426,1.763201363912244
113,0.8179579858193773,3.9629051631203085,2.2249537556865295,1.737951407433779
114,0.7909172124026658,3.9624842512567753,2.2650035042421988,1.6974807470145765
115,0.7599608385623958,3.9619829519593663,2.3135410633281075,1.6484418886312588
116,0.7339683607269292,3.961491704560216,2.362728608802752,1.5987630957574643
117,0.7225101025990587,3.96109617149878,2.404875858374467,1.5562203131243126
118,0.7329014561742638,3.960864640220063,2.433795714055295,1.5270689261647683
119,0.7671247984883052,3.9608347805899977,2.4458633820866162,1.5149713985033815
120,0.8210546202174999,3.9610068624829995,2.440601422251981,1.5204054402310185
121,0.8865699968407559,3.961346341495539,2.4206931974853396,1.5406531440101998
122,0.9544851748666646,3.961787480797017,2.391432142729179,1.570355338067838
123,1.0165131578466786,3.9622516015557765,2.359721162460562,1.6025304390952146
124,1.0661048634802348,3.962652364762733,2.332806735757006,1.629845629005727
125,1.0986756111441844,3.9629224345985468,2.316969176047159,1.6459532585513879
126,1.1116091984045853,3.963012568356553,2.3164277987840145,1.6465847695725382
127,1.1042091605288409,3.9629127743860053,2.3326143166792,1.6302984577068051
128,1.0776432411649237,3.962642171744157,2.363957046253424,1.598685125490733
129,1.0348836743900744,3.962253831485467,2.4062315164792696,1.5560223150061976
130,0.9806169440215339,3.9618198886755134,2.453370776718732,1.5084491119567813
131,0.9210548574456378,3.9614175968081877,2.498585754389639,1.462831842418549
132,0.8634985727483796,3.9611208686303687,2.535583330603268,1.4255375380271007
133,0.8154188028250062,3.9609819146277268,2.559708452965571,1.401273461662156
134,0.7828795804479345,3.961019011524097,2.5687500338694416,1.3922689776546555
135,0.7686526154963247,3.9612277091684076,2.563288032047333,1.3979396771210748
136,0.7711149692557809,3.9615624024288,2.546560305315683,1.415002097113117
137,0.7849102401964221,3.961963072944603,2.523811915389079,1.4381511575555241
138,0.8029834035206365,3.9623536126707233,2.501297705389802,1.4610559072809217
139,0.818677835240438,3.9626616750321006,2.4851110635727,1.4775506114594008
140,0.8270766942466499,3.96283235452025,2.4800617000245073,1.4827706544957429
141,0.8256096392308607,3.9628338410145605,2.4888093547971457,1.4740244862174148
142,0.8142439538172714,3.962672240722331,2.511404048770361,1.45126819195197
143,0.7954790685384923,3.96237399612156,2.5453033117692923,1.4170706843522674
144,0.7741573895414379,3.961996366924358,2.585852446650412,1.3761439202739463
145,0.7568931012102819,3.9616094533037223,2.627155459386964,1.3344539939167581
146,0.7507957041921054,3.9612822511418457,2.6631601988785545,1.2981220522632912
147,0.7614192617029516,3.961075025940344,2.6887555839339776,1.2723194420063664
148,0.7906930468700915,3.9610244429541894,2.7006985795636136,1.2603258633905758
149,0.8361740570479869,3.9611389120389204,2.698195524665212,1.2629433873737086
150,0.892104758196592,3.961396096700706,2.68302831187898,1.2783677848217259
